,mse_train,mse_test,rmse_test,mae_test,R2_test,R2_train,Adj_R2
0,26286481430.663807,28389528840.331974,168491.92514875002,99554.19381370515,0.7541199555529359,0.7693343591901028,0.751363452812498
