,mse_train,mse_test,rmse_test,mae_test,R2_test,R2_train,Adj_R2
0,26023987438.70964,28781328700.83602,169650.60772315558,97905.27143376312,0.7554379531895128,0.7696525976580786,0.7526178911506988
